{
  "camera": {
    "type": "perspective",
    "focal_length": 2.8,
    "eye": [576,18,550],
    "up": [-0.7071067812,0,0.7071067812],
    "look": [-0.7071067812,0,-0.7071067812],
    "height": 1,
    "width": 1.7777777778
  },

  "materials": [
    {
      "name": "Lambertian gray",
      "ka": [0.02, 0.02, 0.02],
      "kd": [0.8, 0.8, 0.8],
      "ks": [0.1,0.1,0.1],
      "km": [0.1,0.1,0.1],
      "phong_exponent": 20
    },
    {
      "name": "orange",
      "ka": [0.1,0.075,0.038],
      "kd": [1,0.75,0.38],
      "ks": [1,0.75,0.38],
      "km": [0.1,0.075,0.038],
      "phong_exponent": 2000
    },
    {
      "name": "blue",
      "ka": [0.0215686,0.0494118,0.0721569],
      "kd": [0.215686,0.494118,0.721569],
      "ks": [0.215686,0.494118,0.721569],
      "km": [0.0215686,0.0494118,0.0721569],
      "phong_exponent": 2000
    },
   {
      "name": "skin",
      "ka": [0.1,0.084,0.075],
      "kd": [1,0.84,0.75],
      "ks": [1,0.84,0.75],
      "km": [0.1,0.084,0.075],
      "phong_exponent": 2000
    },
   {
      "name": "pink",
      "ka": [0.1,0.041,0.064],
      "kd": [1,0.41,0.64],
      "ks": [1,0.41,0.64],
      "km": [0.1,0.041,0.064],
      "phong_exponent": 2000
    },
    {
      "name": "matte gray",
      "ka": [0.09, 0.09, 0.09],
      "kd": [0.95, 0.95, 0.95],
      "ks": [0.3,0.3,0.3],
      "km": [0.05,0.05,0.05],
      "phong_exponent": 200
    },
    {
      "name": "gray",
      "ka": [0.09, 0.09, 0.09],
      "kd": [1.2, 1.2, 1.2],
      "ks": [0.3,0.3,0.3],
      "km": [0.0,0.0,0.0],
      "phong_exponent": 20
    }

  ],
  "lights":[
    {
      "type": "point",
      "position": [30,900,1500],
      "color": [0.7,0.7,0.7]
    },
    {
      "type": "point",
      "position": [900,-30,1500],
      "color": [0.7,0.7,0.7]
    }
  ],

  "objects": [
    {
      "type": "soup",
      "material": "matte gray",
      "stl": "table.stl"
    },
    {
      "type": "plane",
      "material": "Lambertian gray",
      "point": [0,0,-1],
      "normal": [0,0,1]
    },
   {
      "type": "plane",
      "material": "gray",
      "point": [0,-120,0],
      "normal": [0,1,0]
    },
    {
      "type": "sphere",
      "material": "pink",
      "radius": 50,
      "center": [0,0,50]
    },
    {
      "type": "sphere",
      "material": "skin",
      "radius": 15,
      "center": [60,25,15]
    },
    {
      "type": "sphere",
      "material": "blue",
      "radius": 40,
      "center": [120,-25,40]
    },
    {
      "type": "sphere",
      "material": "orange",
      "radius": 30,
      "center": [60,-87,30]
    },
    {
      "type": "sphere",
      "material": "skin",
      "radius": 15,
      "center": [60,25,50]
    },
    {
      "type": "sphere",
      "material": "skin",
      "radius": 15,
      "center": [100,95,145]
    }
  ]
}


